{"learner": {"attributes": {}, "gradient_booster": {"model": {"gbtree_model_param": {"num_trees": "12", "size_leaf_vector": "0"}, "tree_info": [0, 0, 0, 0, 0, 0, 0, 0, 0, 0, 0, 0], "trees": [{"categories": [], "categories_nodes": [], "categories_segments": [], "categories_sizes": [], "id": 0, "tree_param": {"num_deleted": "0", "num_feature": "15", "num_nodes": "5", "size_leaf_vector": "0"}, "base_weights": [0.0, 0.0, 0.0, 0.021048977971076965, 0.0], "default_left": [true, true, true, true, true], "left_children": [1, 3, -1, -1, -1], "loss_changes": [0.0, 0.0, 0.0, 0.0, 0.0], "parents": [2147483647, 0, 0, 1, 1], "right_children": [2, 4, -1, -1, -1], "split_conditions": [105.02103564988661, 10.030958025604788, 0.0, 0.021048977971076965, 0.0], "split_indices": [5, 5, 0, 0, 0], "split_type": [0, 0, 0, 0, 0], "sum_hessian": [0.0, 0.0, 0.0, 0.0, 0.0]}, {"categories": [], "categories_nodes": [], "categories_segments": [], "categories_sizes": [], "id": 1, "tree_param": {"num_deleted": "0", "num_feature": "15", "num_nodes": "5", "size_leaf_vector": "0"}, "base_weights": [0.0, 0.0, 0.0, -0.08133657276630402, 0.0], "default_left": [true, true, true, true, true], "left_children": [1, 3, -1, -1, -1], "loss_changes": [0.0, 0.0, 0.0, 0.0, 0.0], "parents": [2147483647, 0, 0, 1, 1], "right_children": [2, 4, -1, -1, -1], "split_conditions": [44.61806984303273, 3.2036000341327138, 0.0, -0.08133657276630402, 0.0], "split_indices": [5, 5, 0, 0, 0], "split_type": [0, 0, 0, 0, 0], "sum_hessian": [0.0, 0.0, 0.0, 0.0, 0.0]}, {"categories": [], "categories_nodes": [], "categories_segments": [], "categories_sizes": [], "id": 2, "tree_param": {"num_deleted": "0", "num_feature": "15", "num_nodes": "5", "size_leaf_vector": "0"}, "base_weights": [0.0, 0.0, 0.0, 0.057317085564136505, 0.0], "default_left": [true, true, true, true, true], "left_children": [1, 3, -1, -1, -1], "loss_changes": [0.0, 0.0, 0.0, 0.0, 0.0], "parents": [2147483647, 0, 0, 1, 1], "right_children": [2, 4, -1, -1, -1], "split_conditions": [-2014.2180726175438, 0.5, 0.0, 0.057317085564136505, 0.0], "split_indices": [5, 0, 0, 0, 0], "split_type": [0, 0, 0, 0, 0], "sum_hessian": [0.0, 0.0, 0.0, 0.0, 0.0]}, {"categories": [], "categories_nodes": [], "categories_segments": [], "categories_sizes": [], "id": 3, "tree_param": {"num_deleted": "0", "num_feature": "15", "num_nodes": "5", "size_leaf_vector": "0"}, "base_weights": [0.0, 0.0, 0.0, 0.0, -0.036388199776411057], "default_left": [true, false, true, true, true], "left_children": [1, 3, -1, -1, -1], "loss_changes": [0.0, 0.0, 0.0, 0.0, 0.0], "parents": [2147483647, 0, 0, 1, 1], "right_children": [2, 4, -1, -1, -1], "split_conditions": [-48.895029782514754, 0.5, 0.0, 0.0, -0.036388199776411057], "split_indices": [5, 0, 0, 0, 0], "split_type": [0, 0, 0, 0, 0], "sum_hessian": [0.0, 0.0, 0.0, 0.0, 0.0]}, {"categories": [], "categories_nodes": [], "categories_segments": [], "categories_sizes": [], "id": 4, "tree_param": {"num_deleted": "0", "num_feature": "15", "num_nodes": "5", "size_leaf_vector": "0"}, "base_weights": [0.0, 0.0, 0.0, 0.015410138294100761, 0.0], "default_left": [true, true, true, true, true], "left_children": [1, 3, -1, -1, -1], "loss_changes": [0.0, 0.0, 0.0, 0.0, 0.0], "parents": [2147483647, 0, 0, 1, 1], "right_children": [2, 4, -1, -1, -1], "split_conditions": [556.5271871355974, 0.5, 0.0, 0.015410138294100761, 0.0], "split_indices": [5, 6, 0, 0, 0], "split_type": [0, 0, 0, 0, 0], "sum_hessian": [0.0, 0.0, 0.0, 0.0, 0.0]}, {"categories": [], "categories_nodes": [], "categories_segments": [], "categories_sizes": [], "id": 5, "tree_param": {"num_deleted": "0", "num_feature": "15", "num_nodes": "5", "size_leaf_vector": "0"}, "base_weights": [0.0, 0.0, 0.0, 0.0, 0.012365388683974743], "default_left": [true, false, true, true, true], "left_children": [1, 3, -1, -1, -1], "loss_changes": [0.0, 0.0, 0.0, 0.0, 0.0], "parents": [2147483647, 0, 0, 1, 1], "right_children": [2, 4, -1, -1, -1], "split_conditions": [436.5922566741317, 0.5, 0.0, 0.0, 0.012365388683974743], "split_indices": [5, 6, 0, 0, 0], "split_type": [0, 0, 0, 0, 0], "sum_hessian": [0.0, 0.0, 0.0, 0.0, 0.0]}, {"categories": [], "categories_nodes": [], "categories_segments": [], "categories_sizes": [], "id": 6, "tree_param": {"num_deleted": "0", "num_feature": "15", "num_nodes": "5", "size_leaf_vector": "0"}, "base_weights": [0.0, 0.0, 0.0, 0.05709201842546463, 0.0], "default_left": [true, true, true, true, true], "left_children": [1, 3, -1, -1, -1], "loss_changes": [0.0, 0.0, 0.0, 0.0, 0.0], "parents": [2147483647, 0, 0, 1, 1], "right_children": [2, 4, -1, -1, -1], "split_conditions": [-489.58484048911936, 0.5, 0.0, 0.05709201842546463, 0.0], "split_indices": [5, 0, 0, 0, 0], "split_type": [0, 0, 0, 0, 0], "sum_hessian": [0.0, 0.0, 0.0, 0.0, 0.0]}, {"categories": [], "categories_nodes": [], "categories_segments": [], "categories_sizes": [], "id": 7, "tree_param": {"num_deleted": "0", "num_feature": "15", "num_nodes": "5", "size_leaf_vector": "0"}, "base_weights": [0.0, 0.0, 0.0, 0.0, -0.033162713050842285], "default_left": [true, false, true, true, true], "left_children": [1, 3, -1, -1, -1], "loss_changes": [0.0, 0.0, 0.0, 0.0, 0.0], "parents": [2147483647, 0, 0, 1, 1], "right_children": [2, 4, -1, -1, -1], "split_conditions": [-41.08413088810124, 0.5, 0.0, 0.0, -0.033162713050842285], "split_indices": [5, 0, 0, 0, 0], "split_type": [0, 0, 0, 0, 0], "sum_hessian": [0.0, 0.0, 0.0, 0.0, 0.0]}, {"categories": [], "categories_nodes": [], "categories_segments": [], "categories_sizes": [], "id": 8, "tree_param": {"num_deleted": "0", "num_feature": "15", "num_nodes": "5", "size_leaf_vector": "0"}, "base_weights": [0.0, 0.0, 0.0, 0.040279287844896317, 0.0], "default_left": [false, true, true, true, true], "left_children": [1, -1, 3, -1, -1], "loss_changes": [0.0, 0.0, 0.0, 0.0, 0.0], "parents": [2147483647, 0, 0, 2, 2], "right_children": [2, -1, 4, -1, -1], "split_conditions": [-263.6236112818862, 0.0, 0.5, 0.040279287844896317, 0.0], "split_indices": [5, 0, 6, 0, 0], "split_type": [0, 0, 0, 0, 0], "sum_hessian": [0.0, 0.0, 0.0, 0.0, 0.0]}, {"categories": [], "categories_nodes": [], "categories_segments": [], "categories_sizes": [], "id": 9, "tree_param": {"num_deleted": "0", "num_feature": "15", "num_nodes": "5", "size_leaf_vector": "0"}, "base_weights": [0.0, 0.0, 0.0, 0.0, 0.042069707065820694], "default_left": [false, true, false, true, true], "left_children": [1, -1, 3, -1, -1], "loss_changes": [0.0, 0.0, 0.0, 0.0, 0.0], "parents": [2147483647, 0, 0, 2, 2], "right_children": [2, -1, 4, -1, -1], "split_conditions": [-67.41016536070285, 0.0, 0.5, 0.0, 0.042069707065820694], "split_indices": [5, 0, 6, 0, 0], "split_type": [0, 0, 0, 0, 0], "sum_hessian": [0.0, 0.0, 0.0, 0.0, 0.0]}, {"categories": [], "categories_nodes": [], "categories_segments": [], "categories_sizes": [], "id": 10, "tree_param": {"num_deleted": "0", "num_feature": "15", "num_nodes": "5", "size_leaf_vector": "0"}, "base_weights": [0.0, 0.0, 0.0, -0.06333130598068237, 0.0], "default_left": [false, true, true, true, true], "left_children": [1, -1, 3, -1, -1], "loss_changes": [0.0, 0.0, 0.0, 0.0, 0.0], "parents": [2147483647, 0, 0, 2, 2], "right_children": [2, -1, 4, -1, -1], "split_conditions": [95.57455090055946, 0.0, 0.5, -0.06333130598068237, 0.0], "split_indices": [5, 0, 0, 0, 0], "split_type": [0, 0, 0, 0, 0], "sum_hessian": [0.0, 0.0, 0.0, 0.0, 0.0]}, {"categories": [], "categories_nodes": [], "categories_segments": [], "categories_sizes": [], "id": 11, "tree_param": {"num_deleted": "0", "num_feature": "15", "num_nodes": "5", "size_leaf_vector": "0"}, "base_weights": [0.0, 0.0, 0.0, 0.0, 0.007543690502643585], "default_left": [false, true, false, true, true], "left_children": [1, -1, 3, -1, -1], "loss_changes": [0.0, 0.0, 0.0, 0.0, 0.0], "parents": [2147483647, 0, 0, 2, 2], "right_children": [2, -1, 4, -1, -1], "split_conditions": [46.82924821861763, 0.0, 0.5, 0.0, 0.007543690502643585], "split_indices": [5, 0, 0, 0, 0], "split_type": [0, 0, 0, 0, 0], "sum_hessian": [0.0, 0.0, 0.0, 0.0, 0.0]}]}, "name": "gbtree"}, "learner_model_param": {"base_score": "5E-1", "num_class": "0", "num_feature": "7"}, "objective": {"name": "binary:logistic", "reg_loss_param": {"scale_pos_weight": "1"}}}, "version": [1, 3, 3]}