{"learner": {"attributes": {}, "gradient_booster": {"model": {"gbtree_model_param": {"num_trees": "8", "size_leaf_vector": "0"}, "tree_info": [0, 0, 0, 0, 0, 0, 0, 0], "trees": [{"categories": [], "categories_nodes": [], "categories_segments": [], "categories_sizes": [], "id": 0, "tree_param": {"num_deleted": "0", "num_feature": "15", "num_nodes": "5", "size_leaf_vector": "0"}, "base_weights": [0.0, 0.0, 0.0, -0.02400001510977745, 0.0], "default_left": [true, true, true, true, true], "left_children": [1, 3, -1, -1, -1], "loss_changes": [0.0, 0.0, 0.0, 0.0, 0.0], "parents": [2147483647, 0, 0, 1, 1], "right_children": [2, 4, -1, -1, -1], "split_conditions": [294.26586116325774, 18.475349840508976, 0.0, -0.02400001510977745, 0.0], "split_indices": [5, 5, 0, 0, 0], "split_type": [0, 0, 0, 0, 0], "sum_hessian": [0.0, 0.0, 0.0, 0.0, 0.0]}, {"categories": [], "categories_nodes": [], "categories_segments": [], "categories_sizes": [], "id": 1, "tree_param": {"num_deleted": "0", "num_feature": "15", "num_nodes": "5", "size_leaf_vector": "0"}, "base_weights": [0.0, 0.0, 0.0, -0.049000002443790436, 0.0], "default_left": [true, true, true, true, true], "left_children": [1, 3, -1, -1, -1], "loss_changes": [0.0, 0.0, 0.0, 0.0, 0.0], "parents": [2147483647, 0, 0, 1, 1], "right_children": [2, 4, -1, -1, -1], "split_conditions": [267.6749287597537, -54.17981699194542, 0.0, -0.049000002443790436, 0.0], "split_indices": [5, 5, 0, 0, 0], "split_type": [0, 0, 0, 0, 0], "sum_hessian": [0.0, 0.0, 0.0, 0.0, 0.0]}, {"categories": [], "categories_nodes": [], "categories_segments": [], "categories_sizes": [], "id": 2, "tree_param": {"num_deleted": "0", "num_feature": "15", "num_nodes": "5", "size_leaf_vector": "0"}, "base_weights": [0.0, 0.0, 0.0, -0.024326397106051445, 0.0], "default_left": [false, true, true, true, true], "left_children": [1, -1, 3, -1, -1], "loss_changes": [0.0, 0.0, 0.0, 0.0, 0.0], "parents": [2147483647, 0, 0, 2, 2], "right_children": [2, -1, 4, -1, -1], "split_conditions": [446.2885114195873, 0.0, 0.5, -0.024326397106051445, 0.0], "split_indices": [5, 0, 0, 0, 0], "split_type": [0, 0, 0, 0, 0], "sum_hessian": [0.0, 0.0, 0.0, 0.0, 0.0]}, {"categories": [], "categories_nodes": [], "categories_segments": [], "categories_sizes": [], "id": 3, "tree_param": {"num_deleted": "0", "num_feature": "15", "num_nodes": "5", "size_leaf_vector": "0"}, "base_weights": [0.0, 0.0, 0.0, 0.0, -0.023737851530313492], "default_left": [true, false, true, true, true], "left_children": [1, 3, -1, -1, -1], "loss_changes": [0.0, 0.0, 0.0, 0.0, 0.0], "parents": [2147483647, 0, 0, 1, 1], "right_children": [2, 4, -1, -1, -1], "split_conditions": [-2069.0373312302377, 0.5, 0.0, 0.0, -0.023737851530313492], "split_indices": [5, 0, 0, 0, 0], "split_type": [0, 0, 0, 0, 0], "sum_hessian": [0.0, 0.0, 0.0, 0.0, 0.0]}, {"categories": [], "categories_nodes": [], "categories_segments": [], "categories_sizes": [], "id": 4, "tree_param": {"num_deleted": "0", "num_feature": "15", "num_nodes": "5", "size_leaf_vector": "0"}, "base_weights": [0.0, 0.0, 0.0, -0.02500000037252903, 0.0], "default_left": [true, true, true, true, true], "left_children": [1, 3, -1, -1, -1], "loss_changes": [0.0, 0.0, 0.0, 0.0, 0.0], "parents": [2147483647, 0, 0, 1, 1], "right_children": [2, 4, -1, -1, -1], "split_conditions": [418.4185493451933, 0.5, 0.0, -0.02500000037252903, 0.0], "split_indices": [5, 6, 0, 0, 0], "split_type": [0, 0, 0, 0, 0], "sum_hessian": [0.0, 0.0, 0.0, 0.0, 0.0]}, {"categories": [], "categories_nodes": [], "categories_segments": [], "categories_sizes": [], "id": 5, "tree_param": {"num_deleted": "0", "num_feature": "15", "num_nodes": "5", "size_leaf_vector": "0"}, "base_weights": [0.0, 0.0, 0.0, 0.0, -0.02499999850988388], "default_left": [true, false, true, true, true], "left_children": [1, 3, -1, -1, -1], "loss_changes": [0.0, 0.0, 0.0, 0.0, 0.0], "parents": [2147483647, 0, 0, 1, 1], "right_children": [2, 4, -1, -1, -1], "split_conditions": [284.6836512587114, 0.5, 0.0, 0.0, -0.02499999850988388], "split_indices": [5, 6, 0, 0, 0], "split_type": [0, 0, 0, 0, 0], "sum_hessian": [0.0, 0.0, 0.0, 0.0, 0.0]}, {"categories": [], "categories_nodes": [], "categories_segments": [], "categories_sizes": [], "id": 6, "tree_param": {"num_deleted": "0", "num_feature": "15", "num_nodes": "5", "size_leaf_vector": "0"}, "base_weights": [0.0, 0.0, 0.0, -0.02500000037252903, 0.0], "default_left": [false, true, true, true, true], "left_children": [1, -1, 3, -1, -1], "loss_changes": [0.0, 0.0, 0.0, 0.0, 0.0], "parents": [2147483647, 0, 0, 2, 2], "right_children": [2, -1, 4, -1, -1], "split_conditions": [450.3366211210248, 0.0, 0.5, -0.02500000037252903, 0.0], "split_indices": [5, 0, 0, 0, 0], "split_type": [0, 0, 0, 0, 0], "sum_hessian": [0.0, 0.0, 0.0, 0.0, 0.0]}, {"categories": [], "categories_nodes": [], "categories_segments": [], "categories_sizes": [], "id": 7, "tree_param": {"num_deleted": "0", "num_feature": "15", "num_nodes": "5", "size_leaf_vector": "0"}, "base_weights": [0.0, 0.0, 0.0, 0.0, -0.023999996483325958], "default_left": [true, false, true, true, true], "left_children": [1, 3, -1, -1, -1], "loss_changes": [0.0, 0.0, 0.0, 0.0, 0.0], "parents": [2147483647, 0, 0, 1, 1], "right_children": [2, 4, -1, -1, -1], "split_conditions": [-2351.551309545584, 0.5, 0.0, 0.0, -0.023999996483325958], "split_indices": [5, 0, 0, 0, 0], "split_type": [0, 0, 0, 0, 0], "sum_hessian": [0.0, 0.0, 0.0, 0.0, 0.0]}]}, "name": "gbtree"}, "learner_model_param": {"base_score": "5E-1", "num_class": "0", "num_feature": "7"}, "objective": {"name": "binary:logistic", "reg_loss_param": {"scale_pos_weight": "1"}}}, "version": [1, 3, 3]}