{"learner": {"attributes": {}, "gradient_booster": {"model": {"gbtree_model_param": {"num_trees": "21", "size_leaf_vector": "0"}, "tree_info": [0, 0, 0, 0, 0, 0, 0, 0, 0, 0, 0, 0, 0, 0, 0, 0, 0, 0, 0, 0, 0], "trees": [{"categories": [], "categories_nodes": [], "categories_segments": [], "categories_sizes": [], "id": 0, "tree_param": {"num_deleted": "0", "num_feature": "15", "num_nodes": "5", "size_leaf_vector": "0"}, "base_weights": [0.0, 0.0, 0.0, -3.1145176887512207, 0.0], "default_left": [true, true, true, true, true], "left_children": [1, 3, -1, -1, -1], "loss_changes": [0.0, 0.0, 0.0, 0.0, 0.0], "parents": [2147483647, 0, 0, 1, 1], "right_children": [2, 4, -1, -1, -1], "split_conditions": [401.93733763083355, 25.12048050582477, 0.0, -3.1145176887512207, 0.0], "split_indices": [5, 5, 0, 0, 0], "split_type": [0, 0, 0, 0, 0], "sum_hessian": [0.0, 0.0, 0.0, 0.0, 0.0]}, {"categories": [], "categories_nodes": [], "categories_segments": [], "categories_sizes": [], "id": 1, "tree_param": {"num_deleted": "0", "num_feature": "15", "num_nodes": "5", "size_leaf_vector": "0"}, "base_weights": [0.0, 0.0, 0.0, 0.0, -0.0], "default_left": [true, false, true, true, true], "left_children": [1, 3, -1, -1, -1], "loss_changes": [0.0, 0.0, 0.0, 0.0, 0.0], "parents": [2147483647, 0, 0, 1, 1], "right_children": [2, 4, -1, -1, -1], "split_conditions": [435.20918054975135, 119.61659789166904, 0.0, 0.0, -0.0], "split_indices": [5, 5, 0, 0, 0], "split_type": [0, 0, 0, 0, 0], "sum_hessian": [0.0, 0.0, 0.0, 0.0, 0.0]}, {"categories": [], "categories_nodes": [], "categories_segments": [], "categories_sizes": [], "id": 2, "tree_param": {"num_deleted": "0", "num_feature": "15", "num_nodes": "5", "size_leaf_vector": "0"}, "base_weights": [0.0, 0.0, 0.0, -0.0, 0.0], "default_left": [false, true, true, true, true], "left_children": [1, -1, 3, -1, -1], "loss_changes": [0.0, 0.0, 0.0, 0.0, 0.0], "parents": [2147483647, 0, 0, 2, 2], "right_children": [2, -1, 4, -1, -1], "split_conditions": [587.4701464826433, 0.0, 0.5, -0.0, 0.0], "split_indices": [5, 0, 0, 0, 0], "split_type": [0, 0, 0, 0, 0], "sum_hessian": [0.0, 0.0, 0.0, 0.0, 0.0]}, {"categories": [], "categories_nodes": [], "categories_segments": [], "categories_sizes": [], "id": 3, "tree_param": {"num_deleted": "0", "num_feature": "15", "num_nodes": "5", "size_leaf_vector": "0"}, "base_weights": [0.0, 0.0, 0.0, 0.0, 2.8895716667175293], "default_left": [false, true, false, true, true], "left_children": [1, -1, 3, -1, -1], "loss_changes": [0.0, 0.0, 0.0, 0.0, 0.0], "parents": [2147483647, 0, 0, 2, 2], "right_children": [2, -1, 4, -1, -1], "split_conditions": [325.77799408431474, 0.0, 0.5, 0.0, 2.8895716667175293], "split_indices": [5, 0, 0, 0, 0], "split_type": [0, 0, 0, 0, 0], "sum_hessian": [0.0, 0.0, 0.0, 0.0, 0.0]}, {"categories": [], "categories_nodes": [], "categories_segments": [], "categories_sizes": [], "id": 4, "tree_param": {"num_deleted": "0", "num_feature": "15", "num_nodes": "5", "size_leaf_vector": "0"}, "base_weights": [0.0, 0.0, 0.0, 0.0, -2.8479323387145996], "default_left": [true, false, true, true, true], "left_children": [1, 3, -1, -1, -1], "loss_changes": [0.0, 0.0, 0.0, 0.0, 0.0], "parents": [2147483647, 0, 0, 1, 1], "right_children": [2, 4, -1, -1, -1], "split_conditions": [0.5, -1978.1707421441968, 0.0, 0.0, -2.8479323387145996], "split_indices": [0, 5, 0, 0, 0], "split_type": [0, 0, 0, 0, 0], "sum_hessian": [0.0, 0.0, 0.0, 0.0, 0.0]}, {"categories": [], "categories_nodes": [], "categories_segments": [], "categories_sizes": [], "id": 5, "tree_param": {"num_deleted": "0", "num_feature": "15", "num_nodes": "5", "size_leaf_vector": "0"}, "base_weights": [0.0, 0.0, 0.0, 0.0, 0.0], "default_left": [true, false, true, true, true], "left_children": [1, 3, -1, -1, -1], "loss_changes": [0.0, 0.0, 0.0, 0.0, 0.0], "parents": [2147483647, 0, 0, 1, 1], "right_children": [2, 4, -1, -1, -1], "split_conditions": [0.5, 147.29988019983313, 0.0, 0.0, 0.0], "split_indices": [0, 5, 0, 0, 0], "split_type": [0, 0, 0, 0, 0], "sum_hessian": [0.0, 0.0, 0.0, 0.0, 0.0]}, {"categories": [], "categories_nodes": [], "categories_segments": [], "categories_sizes": [], "id": 6, "tree_param": {"num_deleted": "0", "num_feature": "15", "num_nodes": "7", "size_leaf_vector": "0"}, "base_weights": [0.0, 0.0, 0.0, 0.0, 0.0, -0.0, 0.0], "default_left": [false, true, true, true, true, true, true], "left_children": [1, -1, 3, 5, -1, -1, -1], "loss_changes": [0.0, 0.0, 0.0, 0.0, 0.0, 0.0, 0.0], "parents": [2147483647, 0, 0, 2, 2, 3, 3], "right_children": [2, -1, 4, 6, -1, -1, -1], "split_conditions": [0.5, 0.0, 1.5, 53550.603928137854, 0.0, -0.0, 0.0], "split_indices": [0, 0, 3, 4, 0, 0, 0], "split_type": [0, 0, 0, 0, 0, 0, 0], "sum_hessian": [0.0, 0.0, 0.0, 0.0, 0.0, 0.0, 0.0]}, {"categories": [], "categories_nodes": [], "categories_segments": [], "categories_sizes": [], "id": 7, "tree_param": {"num_deleted": "0", "num_feature": "15", "num_nodes": "7", "size_leaf_vector": "0"}, "base_weights": [0.0, 0.0, 0.0, 0.0, 0.0, 0.0, 0.0], "default_left": [false, true, true, false, true, true, true], "left_children": [1, -1, 3, 5, -1, -1, -1], "loss_changes": [0.0, 0.0, 0.0, 0.0, 0.0, 0.0, 0.0], "parents": [2147483647, 0, 0, 2, 2, 3, 3], "right_children": [2, -1, 4, 6, -1, -1, -1], "split_conditions": [0.5, 0.0, 1.5, 60529.294909622186, 0.0, 0.0, 0.0], "split_indices": [0, 0, 3, 4, 0, 0, 0], "split_type": [0, 0, 0, 0, 0, 0, 0], "sum_hessian": [0.0, 0.0, 0.0, 0.0, 0.0, 0.0, 0.0]}, {"categories": [], "categories_nodes": [], "categories_segments": [], "categories_sizes": [], "id": 8, "tree_param": {"num_deleted": "0", "num_feature": "15", "num_nodes": "9", "size_leaf_vector": "0"}, "base_weights": [0.0, 0.0, 0.0, 0.0, 0.0, 0.0, 0.0, 0.0, 0.0], "default_left": [false, true, false, true, true, true, true, true, true], "left_children": [1, -1, 3, -1, 5, 7, -1, -1, -1], "loss_changes": [0.0, 0.0, 0.0, 0.0, 0.0, 0.0, 0.0, 0.0, 0.0], "parents": [2147483647, 0, 0, 2, 2, 4, 4, 5, 5], "right_children": [2, -1, 4, -1, 6, 8, -1, -1, -1], "split_conditions": [0.5, 0.0, 1.5, 0.0, 2.5, 389105.97273899644, 0.0, 0.0, 0.0], "split_indices": [0, 0, 3, 0, 3, 4, 0, 0, 0], "split_type": [0, 0, 0, 0, 0, 0, 0, 0, 0], "sum_hessian": [0.0, 0.0, 0.0, 0.0, 0.0, 0.0, 0.0, 0.0, 0.0]}, {"categories": [], "categories_nodes": [], "categories_segments": [], "categories_sizes": [], "id": 9, "tree_param": {"num_deleted": "0", "num_feature": "15", "num_nodes": "9", "size_leaf_vector": "0"}, "base_weights": [0.0, 0.0, 0.0, 0.0, 0.0, 0.0, 0.0, 0.0, 0.3450435400009155], "default_left": [false, true, false, true, true, false, true, true, true], "left_children": [1, -1, 3, -1, 5, 7, -1, -1, -1], "loss_changes": [0.0, 0.0, 0.0, 0.0, 0.0, 0.0, 0.0, 0.0, 0.0], "parents": [2147483647, 0, 0, 2, 2, 4, 4, 5, 5], "right_children": [2, -1, 4, -1, 6, 8, -1, -1, -1], "split_conditions": [0.5, 0.0, 1.5, 0.0, 2.5, 232852.12146049665, 0.0, 0.0, 0.3450435400009155], "split_indices": [0, 0, 3, 0, 3, 4, 0, 0, 0], "split_type": [0, 0, 0, 0, 0, 0, 0, 0, 0], "sum_hessian": [0.0, 0.0, 0.0, 0.0, 0.0, 0.0, 0.0, 0.0, 0.0]}, {"categories": [], "categories_nodes": [], "categories_segments": [], "categories_sizes": [], "id": 10, "tree_param": {"num_deleted": "0", "num_feature": "15", "num_nodes": "7", "size_leaf_vector": "0"}, "base_weights": [0.0, 0.0, 0.0, 0.0, 0.0, 0.0, 1.7285512685775757], "default_left": [false, true, false, true, false, true, true], "left_children": [1, -1, 3, -1, 5, -1, -1], "loss_changes": [0.0, 0.0, 0.0, 0.0, 0.0, 0.0, 0.0], "parents": [2147483647, 0, 0, 2, 2, 4, 4], "right_children": [2, -1, 4, -1, 6, -1, -1], "split_conditions": [0.5, 0.0, 1.5, 0.0, 2.5, 0.0, 1.7285512685775757], "split_indices": [0, 0, 3, 0, 3, 0, 0], "split_type": [0, 0, 0, 0, 0, 0, 0], "sum_hessian": [0.0, 0.0, 0.0, 0.0, 0.0, 0.0, 0.0]}, {"categories": [], "categories_nodes": [], "categories_segments": [], "categories_sizes": [], "id": 11, "tree_param": {"num_deleted": "0", "num_feature": "15", "num_nodes": "5", "size_leaf_vector": "0"}, "base_weights": [0.0, 0.0, 0.0, -1.9402313232421875, 0.0], "default_left": [true, true, true, true, true], "left_children": [1, 3, -1, -1, -1], "loss_changes": [0.0, 0.0, 0.0, 0.0, 0.0], "parents": [2147483647, 0, 0, 1, 1], "right_children": [2, 4, -1, -1, -1], "split_conditions": [0.5, 0.5, 0.0, -1.9402313232421875, 0.0], "split_indices": [1, 6, 0, 0, 0], "split_type": [0, 0, 0, 0, 0], "sum_hessian": [0.0, 0.0, 0.0, 0.0, 0.0]}, {"categories": [], "categories_nodes": [], "categories_segments": [], "categories_sizes": [], "id": 12, "tree_param": {"num_deleted": "0", "num_feature": "15", "num_nodes": "9", "size_leaf_vector": "0"}, "base_weights": [0.0, 0.0, 0.0, 0.0, 0.0, 0.0, 0.0, -0.0010531592415645719, 0.0], "default_left": [true, false, true, true, true, true, true, true, true], "left_children": [1, 3, -1, -1, 5, 7, -1, -1, -1], "loss_changes": [0.0, 0.0, 0.0, 0.0, 0.0, 0.0, 0.0, 0.0, 0.0], "parents": [2147483647, 0, 0, 1, 1, 4, 4, 5, 5], "right_children": [2, 4, -1, -1, 6, 8, -1, -1, -1], "split_conditions": [0.5, 0.5, 0.0, 0.0, 6471883.5, 2773632.2952774586, 0.0, -0.0010531592415645719, 0.0], "split_indices": [1, 6, 0, 0, 4, 4, 0, 0, 0], "split_type": [0, 0, 0, 0, 0, 0, 0, 0, 0], "sum_hessian": [0.0, 0.0, 0.0, 0.0, 0.0, 0.0, 0.0, 0.0, 0.0]}, {"categories": [], "categories_nodes": [], "categories_segments": [], "categories_sizes": [], "id": 13, "tree_param": {"num_deleted": "0", "num_feature": "15", "num_nodes": "9", "size_leaf_vector": "0"}, "base_weights": [0.0, 0.0, 0.0, 0.0, 0.0, 0.0, 0.0, 0.0, 0.0], "default_left": [true, false, true, true, true, false, true, true, true], "left_children": [1, 3, -1, -1, 5, 7, -1, -1, -1], "loss_changes": [0.0, 0.0, 0.0, 0.0, 0.0, 0.0, 0.0, 0.0, 0.0], "parents": [2147483647, 0, 0, 1, 1, 4, 4, 5, 5], "right_children": [2, 4, -1, -1, 6, 8, -1, -1, -1], "split_conditions": [0.5, 0.5, 0.0, 0.0, 7062659.786472057, 2779658.382505243, 0.0, 0.0, 0.0], "split_indices": [1, 6, 0, 0, 4, 4, 0, 0, 0], "split_type": [0, 0, 0, 0, 0, 0, 0, 0, 0], "sum_hessian": [0.0, 0.0, 0.0, 0.0, 0.0, 0.0, 0.0, 0.0, 0.0]}, {"categories": [], "categories_nodes": [], "categories_segments": [], "categories_sizes": [], "id": 14, "tree_param": {"num_deleted": "0", "num_feature": "15", "num_nodes": "7", "size_leaf_vector": "0"}, "base_weights": [0.0, 0.0, 0.0, 0.0, 0.0, 0.0, 0.25830966234207153], "default_left": [true, false, true, true, false, true, true], "left_children": [1, 3, -1, -1, 5, -1, -1], "loss_changes": [0.0, 0.0, 0.0, 0.0, 0.0, 0.0, 0.0], "parents": [2147483647, 0, 0, 1, 1, 4, 4], "right_children": [2, 4, -1, -1, 6, -1, -1], "split_conditions": [0.5, 0.5, 0.0, 0.0, 5121703.570871982, 0.0, 0.25830966234207153], "split_indices": [1, 6, 0, 0, 4, 0, 0], "split_type": [0, 0, 0, 0, 0, 0, 0], "sum_hessian": [0.0, 0.0, 0.0, 0.0, 0.0, 0.0, 0.0]}, {"categories": [], "categories_nodes": [], "categories_segments": [], "categories_sizes": [], "id": 15, "tree_param": {"num_deleted": "0", "num_feature": "15", "num_nodes": "3", "size_leaf_vector": "0"}, "base_weights": [0.0, 0.0, 1.6514374017715454], "default_left": [false, true, true], "left_children": [1, -1, -1], "loss_changes": [0.0, 0.0, 0.0], "parents": [2147483647, 0, 0], "right_children": [2, -1, -1], "split_conditions": [0.5, 0.0, 1.6514374017715454], "split_indices": [1, 0, 0], "split_type": [0, 0, 0], "sum_hessian": [0.0, 0.0, 0.0]}, {"categories": [], "categories_nodes": [], "categories_segments": [], "categories_sizes": [], "id": 16, "tree_param": {"num_deleted": "0", "num_feature": "15", "num_nodes": "7", "size_leaf_vector": "0"}, "base_weights": [0.0, 0.0, 0.0, 0.0, 0.0, -1.3920336961746216, 0.0], "default_left": [true, true, true, true, true, true, true], "left_children": [1, 3, -1, 5, -1, -1, -1], "loss_changes": [0.0, 0.0, 0.0, 0.0, 0.0, 0.0, 0.0], "parents": [2147483647, 0, 0, 1, 1, 3, 3], "right_children": [2, 4, -1, 6, -1, -1, -1], "split_conditions": [4.5, 6140254.669438134, 0.0, 2462.099154090001, 0.0, -1.3920336961746216, 0.0], "split_indices": [3, 4, 0, 5, 0, 0, 0], "split_type": [0, 0, 0, 0, 0, 0, 0], "sum_hessian": [0.0, 0.0, 0.0, 0.0, 0.0, 0.0, 0.0]}, {"categories": [], "categories_nodes": [], "categories_segments": [], "categories_sizes": [], "id": 17, "tree_param": {"num_deleted": "0", "num_feature": "15", "num_nodes": "7", "size_leaf_vector": "0"}, "base_weights": [0.0, 0.0, 0.0, 0.0, 0.0, 0.0, 0.0], "default_left": [true, true, true, false, true, true, true], "left_children": [1, 3, -1, 5, -1, -1, -1], "loss_changes": [0.0, 0.0, 0.0, 0.0, 0.0, 0.0, 0.0], "parents": [2147483647, 0, 0, 1, 1, 3, 3], "right_children": [2, 4, -1, 6, -1, -1, -1], "split_conditions": [4.5, 4447173.653732479, 0.0, 5164.892804378001, 0.0, 0.0, 0.0], "split_indices": [3, 4, 0, 5, 0, 0, 0], "split_type": [0, 0, 0, 0, 0, 0, 0], "sum_hessian": [0.0, 0.0, 0.0, 0.0, 0.0, 0.0, 0.0]}, {"categories": [], "categories_nodes": [], "categories_segments": [], "categories_sizes": [], "id": 18, "tree_param": {"num_deleted": "0", "num_feature": "15", "num_nodes": "5", "size_leaf_vector": "0"}, "base_weights": [0.0, 0.0, 0.0, 0.0, -0.0], "default_left": [true, false, true, true, true], "left_children": [1, 3, -1, -1, -1], "loss_changes": [0.0, 0.0, 0.0, 0.0, 0.0], "parents": [2147483647, 0, 0, 1, 1], "right_children": [2, 4, -1, -1, -1], "split_conditions": [4.5, 3577641.282338963, 0.0, 0.0, -0.0], "split_indices": [3, 4, 0, 0, 0], "split_type": [0, 0, 0, 0, 0], "sum_hessian": [0.0, 0.0, 0.0, 0.0, 0.0]}, {"categories": [], "categories_nodes": [], "categories_segments": [], "categories_sizes": [], "id": 19, "tree_param": {"num_deleted": "0", "num_feature": "15", "num_nodes": "5", "size_leaf_vector": "0"}, "base_weights": [0.0, 0.0, 0.0, 0.0, 0.0], "default_left": [false, true, true, true, true], "left_children": [1, -1, 3, -1, -1], "loss_changes": [0.0, 0.0, 0.0, 0.0, 0.0], "parents": [2147483647, 0, 0, 2, 2], "right_children": [2, -1, 4, -1, -1], "split_conditions": [4.5, 0.0, 676166.3827286584, 0.0, 0.0], "split_indices": [3, 0, 5, 0, 0], "split_type": [0, 0, 0, 0, 0], "sum_hessian": [0.0, 0.0, 0.0, 0.0, 0.0]}, {"categories": [], "categories_nodes": [], "categories_segments": [], "categories_sizes": [], "id": 20, "tree_param": {"num_deleted": "0", "num_feature": "15", "num_nodes": "5", "size_leaf_vector": "0"}, "base_weights": [0.0, 0.0, 0.0, 0.0, 1.4509121179580688], "default_left": [false, true, false, true, true], "left_children": [1, -1, 3, -1, -1], "loss_changes": [0.0, 0.0, 0.0, 0.0, 0.0], "parents": [2147483647, 0, 0, 2, 2], "right_children": [2, -1, 4, -1, -1], "split_conditions": [4.5, 0.0, 640449.2262294171, 0.0, 1.4509121179580688], "split_indices": [3, 0, 5, 0, 0], "split_type": [0, 0, 0, 0, 0], "sum_hessian": [0.0, 0.0, 0.0, 0.0, 0.0]}]}, "name": "gbtree"}, "learner_model_param": {"base_score": "5E-1", "num_class": "0", "num_feature": "7"}, "objective": {"name": "binary:logistic", "reg_loss_param": {"scale_pos_weight": "1"}}}, "version": [1, 3, 3]}