{"learner": {"attributes": {}, "gradient_booster": {"model": {"gbtree_model_param": {"num_trees": "20", "size_leaf_vector": "0"}, "tree_info": [0, 0, 0, 0, 0, 0, 0, 0, 0, 0, 0, 0, 0, 0, 0, 0, 0, 0, 0, 0], "trees": [{"categories": [], "categories_nodes": [], "categories_segments": [], "categories_sizes": [], "id": 0, "tree_param": {"num_deleted": "0", "num_feature": "15", "num_nodes": "5", "size_leaf_vector": "0"}, "base_weights": [0.0, 0.0, 0.0, -1.9941648244857788, 0.0], "default_left": [true, true, true, true, true], "left_children": [1, 3, -1, -1, -1], "loss_changes": [0.0, 0.0, 0.0, 0.0, 0.0], "parents": [2147483647, 0, 0, 1, 1], "right_children": [2, 4, -1, -1, -1], "split_conditions": [716.5, 42.0, 0.0, -1.9941648244857788, 0.0], "split_indices": [5, 5, 0, 0, 0], "split_type": [0, 0, 0, 0, 0], "sum_hessian": [0.0, 0.0, 0.0, 0.0, 0.0]}, {"categories": [], "categories_nodes": [], "categories_segments": [], "categories_sizes": [], "id": 1, "tree_param": {"num_deleted": "0", "num_feature": "15", "num_nodes": "5", "size_leaf_vector": "0"}, "base_weights": [0.0, 0.0, 0.0, 0.0, -0.5], "default_left": [true, false, true, true, true], "left_children": [1, 3, -1, -1, -1], "loss_changes": [0.0, 0.0, 0.0, 0.0, 0.0], "parents": [2147483647, 0, 0, 1, 1], "right_children": [2, 4, -1, -1, -1], "split_conditions": [716.5, 42.0, 0.0, 0.0, -0.5], "split_indices": [5, 5, 0, 0, 0], "split_type": [0, 0, 0, 0, 0], "sum_hessian": [0.0, 0.0, 0.0, 0.0, 0.0]}, {"categories": [], "categories_nodes": [], "categories_segments": [], "categories_sizes": [], "id": 2, "tree_param": {"num_deleted": "0", "num_feature": "15", "num_nodes": "5", "size_leaf_vector": "0"}, "base_weights": [0.0, 0.0, 0.0, -1.7714285850524902, 0.0], "default_left": [false, true, true, true, true], "left_children": [1, -1, 3, -1, -1], "loss_changes": [0.0, 0.0, 0.0, 0.0, 0.0], "parents": [2147483647, 0, 0, 2, 2], "right_children": [2, -1, 4, -1, -1], "split_conditions": [716.5, 0.0, 0.5, -1.7714285850524902, 0.0], "split_indices": [5, 0, 0, 0, 0], "split_type": [0, 0, 0, 0, 0], "sum_hessian": [0.0, 0.0, 0.0, 0.0, 0.0]}, {"categories": [], "categories_nodes": [], "categories_segments": [], "categories_sizes": [], "id": 3, "tree_param": {"num_deleted": "0", "num_feature": "15", "num_nodes": "5", "size_leaf_vector": "0"}, "base_weights": [0.0, 0.0, 0.0, 0.0, 1.9743224382400513], "default_left": [false, true, false, true, true], "left_children": [1, -1, 3, -1, -1], "loss_changes": [0.0, 0.0, 0.0, 0.0, 0.0], "parents": [2147483647, 0, 0, 2, 2], "right_children": [2, -1, 4, -1, -1], "split_conditions": [716.5, 0.0, 0.5, 0.0, 1.9743224382400513], "split_indices": [5, 0, 0, 0, 0], "split_type": [0, 0, 0, 0, 0], "sum_hessian": [0.0, 0.0, 0.0, 0.0, 0.0]}, {"categories": [], "categories_nodes": [], "categories_segments": [], "categories_sizes": [], "id": 4, "tree_param": {"num_deleted": "0", "num_feature": "15", "num_nodes": "5", "size_leaf_vector": "0"}, "base_weights": [0.0, 0.0, 0.0, -1.1341851949691772, 0.0], "default_left": [true, true, true, true, true], "left_children": [1, 3, -1, -1, -1], "loss_changes": [0.0, 0.0, 0.0, 0.0, 0.0], "parents": [2147483647, 0, 0, 1, 1], "right_children": [2, 4, -1, -1, -1], "split_conditions": [1.5, 9156.0, 0.0, -1.1341851949691772, 0.0], "split_indices": [3, 5, 0, 0, 0], "split_type": [0, 0, 0, 0, 0], "sum_hessian": [0.0, 0.0, 0.0, 0.0, 0.0]}, {"categories": [], "categories_nodes": [], "categories_segments": [], "categories_sizes": [], "id": 5, "tree_param": {"num_deleted": "0", "num_feature": "15", "num_nodes": "5", "size_leaf_vector": "0"}, "base_weights": [0.0, 0.0, 0.0, 0.0, 0.010163994506001472], "default_left": [true, false, true, true, true], "left_children": [1, 3, -1, -1, -1], "loss_changes": [0.0, 0.0, 0.0, 0.0, 0.0], "parents": [2147483647, 0, 0, 1, 1], "right_children": [2, 4, -1, -1, -1], "split_conditions": [1.5, 9156.0, 0.0, 0.0, 0.010163994506001472], "split_indices": [3, 5, 0, 0, 0], "split_type": [0, 0, 0, 0, 0], "sum_hessian": [0.0, 0.0, 0.0, 0.0, 0.0]}, {"categories": [], "categories_nodes": [], "categories_segments": [], "categories_sizes": [], "id": 6, "tree_param": {"num_deleted": "0", "num_feature": "15", "num_nodes": "5", "size_leaf_vector": "0"}, "base_weights": [0.0, 0.0, 0.0, -0.9203730821609497, 0.0], "default_left": [false, true, true, true, true], "left_children": [1, -1, 3, -1, -1], "loss_changes": [0.0, 0.0, 0.0, 0.0, 0.0], "parents": [2147483647, 0, 0, 2, 2], "right_children": [2, -1, 4, -1, -1], "split_conditions": [1.5, 0.0, 0.5, -0.9203730821609497, 0.0], "split_indices": [3, 0, 0, 0, 0], "split_type": [0, 0, 0, 0, 0], "sum_hessian": [0.0, 0.0, 0.0, 0.0, 0.0]}, {"categories": [], "categories_nodes": [], "categories_segments": [], "categories_sizes": [], "id": 7, "tree_param": {"num_deleted": "0", "num_feature": "15", "num_nodes": "5", "size_leaf_vector": "0"}, "base_weights": [0.0, 0.0, 0.0, 0.0, 1.1001416444778442], "default_left": [false, true, false, true, true], "left_children": [1, -1, 3, -1, -1], "loss_changes": [0.0, 0.0, 0.0, 0.0, 0.0], "parents": [2147483647, 0, 0, 2, 2], "right_children": [2, -1, 4, -1, -1], "split_conditions": [1.5, 0.0, 0.5, 0.0, 1.1001416444778442], "split_indices": [3, 0, 0, 0, 0], "split_type": [0, 0, 0, 0, 0], "sum_hessian": [0.0, 0.0, 0.0, 0.0, 0.0]}, {"categories": [], "categories_nodes": [], "categories_segments": [], "categories_sizes": [], "id": 8, "tree_param": {"num_deleted": "0", "num_feature": "15", "num_nodes": "5", "size_leaf_vector": "0"}, "base_weights": [0.0, 0.0, 0.0, -1.0371381044387817, 0.0], "default_left": [true, true, true, true, true], "left_children": [1, 3, -1, -1, -1], "loss_changes": [0.0, 0.0, 0.0, 0.0, 0.0], "parents": [2147483647, 0, 0, 1, 1], "right_children": [2, 4, -1, -1, -1], "split_conditions": [1.5, 0.5, 0.0, -1.0371381044387817, 0.0], "split_indices": [3, 1, 0, 0, 0], "split_type": [0, 0, 0, 0, 0], "sum_hessian": [0.0, 0.0, 0.0, 0.0, 0.0]}, {"categories": [], "categories_nodes": [], "categories_segments": [], "categories_sizes": [], "id": 9, "tree_param": {"num_deleted": "0", "num_feature": "15", "num_nodes": "5", "size_leaf_vector": "0"}, "base_weights": [0.0, 0.0, 0.0, 0.0, 0.6154966354370117], "default_left": [true, false, true, true, true], "left_children": [1, 3, -1, -1, -1], "loss_changes": [0.0, 0.0, 0.0, 0.0, 0.0], "parents": [2147483647, 0, 0, 1, 1], "right_children": [2, 4, -1, -1, -1], "split_conditions": [1.5, 0.5, 0.0, 0.0, 0.6154966354370117], "split_indices": [3, 1, 0, 0, 0], "split_type": [0, 0, 0, 0, 0], "sum_hessian": [0.0, 0.0, 0.0, 0.0, 0.0]}, {"categories": [], "categories_nodes": [], "categories_segments": [], "categories_sizes": [], "id": 10, "tree_param": {"num_deleted": "0", "num_feature": "15", "num_nodes": "5", "size_leaf_vector": "0"}, "base_weights": [0.0, 0.0, 0.0, -0.6837556958198547, 0.0], "default_left": [false, true, true, true, true], "left_children": [1, -1, 3, -1, -1], "loss_changes": [0.0, 0.0, 0.0, 0.0, 0.0], "parents": [2147483647, 0, 0, 2, 2], "right_children": [2, -1, 4, -1, -1], "split_conditions": [1.5, 0.0, 0.5, -0.6837556958198547, 0.0], "split_indices": [3, 0, 0, 0, 0], "split_type": [0, 0, 0, 0, 0], "sum_hessian": [0.0, 0.0, 0.0, 0.0, 0.0]}, {"categories": [], "categories_nodes": [], "categories_segments": [], "categories_sizes": [], "id": 11, "tree_param": {"num_deleted": "0", "num_feature": "15", "num_nodes": "9", "size_leaf_vector": "0"}, "base_weights": [0.0, 0.0, 0.0, 0.0, 0.0, 0.0, 0.0, 0.6631385087966919, 0.0], "default_left": [false, true, false, true, true, true, true, true, true], "left_children": [1, -1, 3, -1, 5, 7, -1, -1, -1], "loss_changes": [0.0, 0.0, 0.0, 0.0, 0.0, 0.0, 0.0, 0.0, 0.0], "parents": [2147483647, 0, 0, 2, 2, 4, 4, 5, 5], "right_children": [2, -1, 4, -1, 6, 8, -1, -1, -1], "split_conditions": [1.5, 0.0, 0.5, 0.0, 2.5, 240189.5, 0.0, 0.6631385087966919, 0.0], "split_indices": [3, 0, 0, 0, 3, 4, 0, 0, 0], "split_type": [0, 0, 0, 0, 0, 0, 0, 0, 0], "sum_hessian": [0.0, 0.0, 0.0, 0.0, 0.0, 0.0, 0.0, 0.0, 0.0]}, {"categories": [], "categories_nodes": [], "categories_segments": [], "categories_sizes": [], "id": 12, "tree_param": {"num_deleted": "0", "num_feature": "15", "num_nodes": "9", "size_leaf_vector": "0"}, "base_weights": [0.0, 0.0, 0.0, 0.0, 0.0, 0.0, 0.0, 0.0, -0.4668155312538147], "default_left": [false, true, false, true, true, false, true, true, true], "left_children": [1, -1, 3, -1, 5, 7, -1, -1, -1], "loss_changes": [0.0, 0.0, 0.0, 0.0, 0.0, 0.0, 0.0, 0.0, 0.0], "parents": [2147483647, 0, 0, 2, 2, 4, 4, 5, 5], "right_children": [2, -1, 4, -1, 6, 8, -1, -1, -1], "split_conditions": [1.5, 0.0, 0.5, 0.0, 2.5, 240189.5, 0.0, 0.0, -0.4668155312538147], "split_indices": [3, 0, 0, 0, 3, 4, 0, 0, 0], "split_type": [0, 0, 0, 0, 0, 0, 0, 0, 0], "sum_hessian": [0.0, 0.0, 0.0, 0.0, 0.0, 0.0, 0.0, 0.0, 0.0]}, {"categories": [], "categories_nodes": [], "categories_segments": [], "categories_sizes": [], "id": 13, "tree_param": {"num_deleted": "0", "num_feature": "15", "num_nodes": "9", "size_leaf_vector": "0"}, "base_weights": [0.0, 0.0, 0.0, 0.0, 0.0, 0.0, 0.0, 0.9924423098564148, 0.0], "default_left": [false, true, false, true, false, true, true, true, true], "left_children": [1, -1, 3, -1, 5, -1, 7, -1, -1], "loss_changes": [0.0, 0.0, 0.0, 0.0, 0.0, 0.0, 0.0, 0.0, 0.0], "parents": [2147483647, 0, 0, 2, 2, 4, 4, 6, 6], "right_children": [2, -1, 4, -1, 6, -1, 8, -1, -1], "split_conditions": [1.5, 0.0, 0.5, 0.0, 2.5, 0.0, 20076510.0, 0.9924423098564148, 0.0], "split_indices": [3, 0, 0, 0, 3, 0, 4, 0, 0], "split_type": [0, 0, 0, 0, 0, 0, 0, 0, 0], "sum_hessian": [0.0, 0.0, 0.0, 0.0, 0.0, 0.0, 0.0, 0.0, 0.0]}, {"categories": [], "categories_nodes": [], "categories_segments": [], "categories_sizes": [], "id": 14, "tree_param": {"num_deleted": "0", "num_feature": "15", "num_nodes": "9", "size_leaf_vector": "0"}, "base_weights": [0.0, 0.0, 0.0, 0.0, 0.0, 0.0, 0.0, 0.0, 0.445559024810791], "default_left": [false, true, false, true, false, true, false, true, true], "left_children": [1, -1, 3, -1, 5, -1, 7, -1, -1], "loss_changes": [0.0, 0.0, 0.0, 0.0, 0.0, 0.0, 0.0, 0.0, 0.0], "parents": [2147483647, 0, 0, 2, 2, 4, 4, 6, 6], "right_children": [2, -1, 4, -1, 6, -1, 8, -1, -1], "split_conditions": [1.5, 0.0, 0.5, 0.0, 2.5, 0.0, 20076510.0, 0.0, 0.445559024810791], "split_indices": [3, 0, 0, 0, 3, 0, 4, 0, 0], "split_type": [0, 0, 0, 0, 0, 0, 0, 0, 0], "sum_hessian": [0.0, 0.0, 0.0, 0.0, 0.0, 0.0, 0.0, 0.0, 0.0]}, {"categories": [], "categories_nodes": [], "categories_segments": [], "categories_sizes": [], "id": 15, "tree_param": {"num_deleted": "0", "num_feature": "15", "num_nodes": "5", "size_leaf_vector": "0"}, "base_weights": [0.0, 0.0, 0.0, -0.9686422944068909, 0.0], "default_left": [true, true, true, true, true], "left_children": [1, 3, -1, -1, -1], "loss_changes": [0.0, 0.0, 0.0, 0.0, 0.0], "parents": [2147483647, 0, 0, 1, 1], "right_children": [2, 4, -1, -1, -1], "split_conditions": [4851.5, 42.0, 0.0, -0.9686422944068909, 0.0], "split_indices": [5, 5, 0, 0, 0], "split_type": [0, 0, 0, 0, 0], "sum_hessian": [0.0, 0.0, 0.0, 0.0, 0.0]}, {"categories": [], "categories_nodes": [], "categories_segments": [], "categories_sizes": [], "id": 16, "tree_param": {"num_deleted": "0", "num_feature": "15", "num_nodes": "5", "size_leaf_vector": "0"}, "base_weights": [0.0, 0.0, 0.0, 0.0, -0.10882281512022018], "default_left": [true, false, true, true, true], "left_children": [1, 3, -1, -1, -1], "loss_changes": [0.0, 0.0, 0.0, 0.0, 0.0], "parents": [2147483647, 0, 0, 1, 1], "right_children": [2, 4, -1, -1, -1], "split_conditions": [4851.5, 42.0, 0.0, 0.0, -0.10882281512022018], "split_indices": [5, 5, 0, 0, 0], "split_type": [0, 0, 0, 0, 0], "sum_hessian": [0.0, 0.0, 0.0, 0.0, 0.0]}, {"categories": [], "categories_nodes": [], "categories_segments": [], "categories_sizes": [], "id": 17, "tree_param": {"num_deleted": "0", "num_feature": "15", "num_nodes": "5", "size_leaf_vector": "0"}, "base_weights": [0.0, 0.0, 0.0, 0.8970611095428467, 0.0], "default_left": [false, true, true, true, true], "left_children": [1, -1, 3, -1, -1], "loss_changes": [0.0, 0.0, 0.0, 0.0, 0.0], "parents": [2147483647, 0, 0, 2, 2], "right_children": [2, -1, 4, -1, -1], "split_conditions": [4851.5, 0.0, 10418154.0, 0.8970611095428467, 0.0], "split_indices": [5, 0, 4, 0, 0], "split_type": [0, 0, 0, 0, 0], "sum_hessian": [0.0, 0.0, 0.0, 0.0, 0.0]}, {"categories": [], "categories_nodes": [], "categories_segments": [], "categories_sizes": [], "id": 18, "tree_param": {"num_deleted": "0", "num_feature": "15", "num_nodes": "7", "size_leaf_vector": "0"}, "base_weights": [0.0, 0.0, 0.0, 0.0, 0.0, -2.191283941268921, 0.0], "default_left": [false, true, false, true, true, true, true], "left_children": [1, -1, 3, -1, 5, -1, -1], "loss_changes": [0.0, 0.0, 0.0, 0.0, 0.0, 0.0, 0.0], "parents": [2147483647, 0, 0, 2, 2, 4, 4], "right_children": [2, -1, 4, -1, 6, -1, -1], "split_conditions": [4851.5, 0.0, 10418154.0, 0.0, 6.5, -2.191283941268921, 0.0], "split_indices": [5, 0, 4, 0, 3, 0, 0], "split_type": [0, 0, 0, 0, 0, 0, 0], "sum_hessian": [0.0, 0.0, 0.0, 0.0, 0.0, 0.0, 0.0]}, {"categories": [], "categories_nodes": [], "categories_segments": [], "categories_sizes": [], "id": 19, "tree_param": {"num_deleted": "0", "num_feature": "15", "num_nodes": "7", "size_leaf_vector": "0"}, "base_weights": [0.0, 0.0, 0.0, 0.0, 0.0, 0.0, 0.8298017978668213], "default_left": [false, true, false, true, false, true, true], "left_children": [1, -1, 3, -1, 5, -1, -1], "loss_changes": [0.0, 0.0, 0.0, 0.0, 0.0, 0.0, 0.0], "parents": [2147483647, 0, 0, 2, 2, 4, 4], "right_children": [2, -1, 4, -1, 6, -1, -1], "split_conditions": [4851.5, 0.0, 10418154.0, 0.0, 6.5, 0.0, 0.8298017978668213], "split_indices": [5, 0, 4, 0, 3, 0, 0], "split_type": [0, 0, 0, 0, 0, 0, 0], "sum_hessian": [0.0, 0.0, 0.0, 0.0, 0.0, 0.0, 0.0]}]}, "name": "gbtree"}, "learner_model_param": {"base_score": "5E-1", "num_class": "0", "num_feature": "7"}, "objective": {"name": "binary:logistic", "reg_loss_param": {"scale_pos_weight": "1"}}}, "version": [1, 3, 3]}