{"learner": {"attributes": {}, "gradient_booster": {"model": {"gbtree_model_param": {"num_trees": "8", "size_leaf_vector": "0"}, "tree_info": [0, 0, 0, 0, 0, 0, 0, 0], "trees": [{"categories": [], "categories_nodes": [], "categories_segments": [], "categories_sizes": [], "id": 0, "tree_param": {"num_deleted": "0", "num_feature": "15", "num_nodes": "5", "size_leaf_vector": "0"}, "base_weights": [0.0, 0.0, 0.0, -0.01641666702926159, 0.0], "default_left": [true, true, true, true, true], "left_children": [1, 3, -1, -1, -1], "loss_changes": [0.0, 0.0, 0.0, 0.0, 0.0], "parents": [2147483647, 0, 0, 1, 1], "right_children": [2, 4, -1, -1, -1], "split_conditions": [144.19770975126912, 10.65140352745756, 0.0, -0.01641666702926159, 0.0], "split_indices": [5, 5, 0, 0, 0], "split_type": [0, 0, 0, 0, 0], "sum_hessian": [0.0, 0.0, 0.0, 0.0, 0.0]}, {"categories": [], "categories_nodes": [], "categories_segments": [], "categories_sizes": [], "id": 1, "tree_param": {"num_deleted": "0", "num_feature": "15", "num_nodes": "5", "size_leaf_vector": "0"}, "base_weights": [0.0, 0.0, 0.0, -0.0020000000949949026, 0.0], "default_left": [true, true, true, true, true], "left_children": [1, 3, -1, -1, -1], "loss_changes": [0.0, 0.0, 0.0, 0.0, 0.0], "parents": [2147483647, 0, 0, 1, 1], "right_children": [2, 4, -1, -1, -1], "split_conditions": [182.40894931056832, -19.897279758836582, 0.0, -0.0020000000949949026, 0.0], "split_indices": [5, 5, 0, 0, 0], "split_type": [0, 0, 0, 0, 0], "sum_hessian": [0.0, 0.0, 0.0, 0.0, 0.0]}, {"categories": [], "categories_nodes": [], "categories_segments": [], "categories_sizes": [], "id": 2, "tree_param": {"num_deleted": "0", "num_feature": "15", "num_nodes": "5", "size_leaf_vector": "0"}, "base_weights": [0.0, 0.0, 0.0, 0.04694690927863121, 0.0], "default_left": [true, true, true, true, true], "left_children": [1, 3, -1, -1, -1], "loss_changes": [0.0, 0.0, 0.0, 0.0, 0.0], "parents": [2147483647, 0, 0, 1, 1], "right_children": [2, 4, -1, -1, -1], "split_conditions": [-851.7664318015923, 0.5, 0.0, 0.04694690927863121, 0.0], "split_indices": [5, 0, 0, 0, 0], "split_type": [0, 0, 0, 0, 0], "sum_hessian": [0.0, 0.0, 0.0, 0.0, 0.0]}, {"categories": [], "categories_nodes": [], "categories_segments": [], "categories_sizes": [], "id": 3, "tree_param": {"num_deleted": "0", "num_feature": "15", "num_nodes": "5", "size_leaf_vector": "0"}, "base_weights": [0.0, 0.0, 0.0, 0.0, 0.0012499993899837136], "default_left": [false, true, false, true, true], "left_children": [1, -1, 3, -1, -1], "loss_changes": [0.0, 0.0, 0.0, 0.0, 0.0], "parents": [2147483647, 0, 0, 2, 2], "right_children": [2, -1, 4, -1, -1], "split_conditions": [262.9722014112712, 0.0, 0.5, 0.0, 0.0012499993899837136], "split_indices": [5, 0, 0, 0, 0], "split_type": [0, 0, 0, 0, 0], "sum_hessian": [0.0, 0.0, 0.0, 0.0, 0.0]}, {"categories": [], "categories_nodes": [], "categories_segments": [], "categories_sizes": [], "id": 4, "tree_param": {"num_deleted": "0", "num_feature": "15", "num_nodes": "5", "size_leaf_vector": "0"}, "base_weights": [0.0, 0.0, 0.0, -0.028041668236255646, 0.0], "default_left": [true, true, true, true, true], "left_children": [1, 3, -1, -1, -1], "loss_changes": [0.0, 0.0, 0.0, 0.0, 0.0], "parents": [2147483647, 0, 0, 1, 1], "right_children": [2, 4, -1, -1, -1], "split_conditions": [181.49468669654524, 12.805957310994849, 0.0, -0.028041668236255646, 0.0], "split_indices": [5, 5, 0, 0, 0], "split_type": [0, 0, 0, 0, 0], "sum_hessian": [0.0, 0.0, 0.0, 0.0, 0.0]}, {"categories": [], "categories_nodes": [], "categories_segments": [], "categories_sizes": [], "id": 5, "tree_param": {"num_deleted": "0", "num_feature": "15", "num_nodes": "5", "size_leaf_vector": "0"}, "base_weights": [0.0, 0.0, 0.0, -0.10000000149011612, 0.0], "default_left": [true, true, true, true, true], "left_children": [1, 3, -1, -1, -1], "loss_changes": [0.0, 0.0, 0.0, 0.0, 0.0], "parents": [2147483647, 0, 0, 1, 1], "right_children": [2, 4, -1, -1, -1], "split_conditions": [167.6214757362729, -13.14957465988442, 0.0, -0.10000000149011612, 0.0], "split_indices": [5, 5, 0, 0, 0], "split_type": [0, 0, 0, 0, 0], "sum_hessian": [0.0, 0.0, 0.0, 0.0, 0.0]}, {"categories": [], "categories_nodes": [], "categories_segments": [], "categories_sizes": [], "id": 6, "tree_param": {"num_deleted": "0", "num_feature": "15", "num_nodes": "5", "size_leaf_vector": "0"}, "base_weights": [0.0, 0.0, 0.0, 0.0, 0.0], "default_left": [false, true, true, true, true], "left_children": [1, -1, 3, -1, -1], "loss_changes": [0.0, 0.0, 0.0, 0.0, 0.0], "parents": [2147483647, 0, 0, 2, 2], "right_children": [2, -1, 4, -1, -1], "split_conditions": [589.9138649235551, 0.0, 0.5, 0.0, 0.0], "split_indices": [5, 0, 0, 0, 0], "split_type": [0, 0, 0, 0, 0], "sum_hessian": [0.0, 0.0, 0.0, 0.0, 0.0]}, {"categories": [], "categories_nodes": [], "categories_segments": [], "categories_sizes": [], "id": 7, "tree_param": {"num_deleted": "0", "num_feature": "15", "num_nodes": "5", "size_leaf_vector": "0"}, "base_weights": [0.0, 0.0, 0.0, 0.0, 0.05429166555404663], "default_left": [false, true, false, true, true], "left_children": [1, -1, 3, -1, -1], "loss_changes": [0.0, 0.0, 0.0, 0.0, 0.0], "parents": [2147483647, 0, 0, 2, 2], "right_children": [2, -1, 4, -1, -1], "split_conditions": [139.9623323997861, 0.0, 0.5, 0.0, 0.05429166555404663], "split_indices": [5, 0, 0, 0, 0], "split_type": [0, 0, 0, 0, 0], "sum_hessian": [0.0, 0.0, 0.0, 0.0, 0.0]}]}, "name": "gbtree"}, "learner_model_param": {"base_score": "5E-1", "num_class": "0", "num_feature": "7"}, "objective": {"name": "binary:logistic", "reg_loss_param": {"scale_pos_weight": "1"}}}, "version": [1, 3, 3]}